{
  "properties": {
    "connectionReferences": {
      "shared_sharepointonline": {
        "runtimeSource": "invoker",
        "connection": {
          "connectionReferenceLogicalName": "gaborg_conn_sharepoint"
        },
        "api": {
          "name": "shared_sharepointonline"
        }
      },
      "shared_excelonlinebusiness": {
        "runtimeSource": "invoker",
        "connection": {
          "connectionReferenceLogicalName": "gaborg_conn_excel"
        },
        "api": {
          "name": "shared_excelonlinebusiness"
        }
      }
    },
    "definition": {
      "$schema": "https://schema.management.azure.com/providers/Microsoft.Logic/schemas/2016-06-01/workflowdefinition.json#",
      "contentVersion": "1.0.0.0",
      "parameters": {
        "$authentication": {
          "defaultValue": {},
          "type": "SecureObject"
        },
        "$connections": {
          "defaultValue": {},
          "type": "Object"
        },
        "SharePoint Site (gaborg_var_sharepoint_site)": {
          "defaultValue": "https://ivisuality.sharepoint.com",
          "type": "String",
          "metadata": {
            "schemaName": "gaborg_var_sharepoint_site",
            "description": "The SharePoint site where demo files should be stored."
          }
        },
        "SharePoint Library (gaborg_var_sharepoint_library)": {
          "defaultValue": "bb9e47de-c776-4f7b-80ea-c9e42b2d9c88",
          "type": "String",
          "metadata": {
            "schemaName": "gaborg_var_sharepoint_library",
            "description": "The SharePoint site library where we will be storing our demo files."
          }
        }
      },
      "triggers": {
        "manual": {
          "metadata": {
            "operationMetadataId": "c88d196e-1b2a-4dce-8825-74d79422ea94"
          },
          "type": "Request",
          "kind": "Button",
          "inputs": {
            "schema": {
              "type": "object",
              "properties": {
                "file": {
                  "title": "Excel File",
                  "type": "object",
                  "x-ms-dynamically-added": true,
                  "description": "Please, provide an Excel file in XLSX format with a table present",
                  "x-ms-content-hint": "FILE",
                  "properties": {
                    "name": {
                      "type": "string"
                    },
                    "contentBytes": {
                      "type": "string",
                      "format": "byte"
                    }
                  }
                }
              },
              "required": []
            }
          }
        }
      },
      "actions": {
        "Force_Delete_File_(SharePoint_HTTP_Request)": {
          "runAfter": {
            "Process_Excel_File": [
              "Succeeded",
              "TimedOut",
              "Skipped",
              "Failed"
            ]
          },
          "metadata": {
            "operationMetadataId": "e5a6fe18-9bd5-4c03-90ba-ecf97efb6bba"
          },
          "type": "OpenApiConnection",
          "inputs": {
            "parameters": {
              "dataset": "@parameters('SharePoint Site (gaborg_var_sharepoint_site)')",
              "parameters/method": "DELETE",
              "parameters/uri": "_api/v2.1/drives/@{outputs('Get_file_properties')?['body/{DriveId}']}/items/@{outputs('Get_file_properties')?['body/{DriveItemId}']}",
              "parameters/headers": {
                "Prefer": "bypass-shared-lock"
              }
            },
            "host": {
              "apiId": "/providers/Microsoft.PowerApps/apis/shared_sharepointonline",
              "operationId": "HttpRequest",
              "connectionName": "shared_sharepointonline"
            }
          },
          "description": "The built-in delete file action will likely fail because of the shared lock. This custom API request bypasses the shared lock with the provided Prefer header value.\n\nWe have also configured the \"Run-after\" setting of this action to delete the file always."
        },
        "Initialize_SharePoint_File": {
          "actions": {
            "Get_List_Root_Folder_By_Id_(SharePoint_HTTP_Request)": {
              "metadata": {
                "operationMetadataId": "433ba444-0042-4d18-9d62-e8ca4196a54d"
              },
              "type": "OpenApiConnection",
              "inputs": {
                "parameters": {
                  "dataset": "@parameters('SharePoint Site (gaborg_var_sharepoint_site)')",
                  "parameters/method": "GET",
                  "parameters/uri": "_api/web/lists/GetById('@{parameters('SharePoint Library (gaborg_var_sharepoint_library)')}')/rootfolder"
                },
                "host": {
                  "apiId": "/providers/Microsoft.PowerApps/apis/shared_sharepointonline",
                  "operationId": "HttpRequest",
                  "connectionName": "shared_sharepointonline"
                }
              },
              "description": "When creating file with SharePoint, we need to provide the folder path with the library included. As we only have an ID within the environment variable, we need to convert it into a relative path with this API endpoint."
            },
            "Create_file": {
              "runAfter": {
                "Get_List_Root_Folder_By_Id_(SharePoint_HTTP_Request)": [
                  "Succeeded"
                ]
              },
              "metadata": {
                "operationMetadataId": "fdbafbe1-871c-4f64-af60-57ffbb87e04b"
              },
              "type": "OpenApiConnection",
              "inputs": {
                "parameters": {
                  "dataset": "@parameters('SharePoint Site (gaborg_var_sharepoint_site)')",
                  "folderPath": "@body('Get_List_Root_Folder_By_Id_(SharePoint_HTTP_Request)')?['d']?['ServerRelativeUrl']",
                  "name": "@triggerBody()?['file']?['name']",
                  "body": "@triggerBody()?['file']?['contentBytes']"
                },
                "host": {
                  "apiId": "/providers/Microsoft.PowerApps/apis/shared_sharepointonline",
                  "operationId": "CreateFile",
                  "connectionName": "shared_sharepointonline"
                }
              },
              "description": "We copy the provided file content into SharePoint, creating a new file. For the folder path, we use the relative path retrieved from the previous step.",
              "runtimeConfiguration": {
                "contentTransfer": {
                  "transferMode": "Chunked"
                }
              }
            },
            "Get_file_properties": {
              "runAfter": {
                "Create_file": [
                  "Succeeded"
                ]
              },
              "metadata": {
                "operationMetadataId": "9fa62493-2158-4ce1-90d4-623ac6fc348b"
              },
              "type": "OpenApiConnection",
              "inputs": {
                "parameters": {
                  "dataset": "@parameters('SharePoint Site (gaborg_var_sharepoint_site)')",
                  "table": "@parameters('SharePoint Library (gaborg_var_sharepoint_library)')",
                  "id": "@outputs('Create_file')?['body/ItemId']"
                },
                "host": {
                  "apiId": "/providers/Microsoft.PowerApps/apis/shared_sharepointonline",
                  "operationId": "GetFileItem",
                  "connectionName": "shared_sharepointonline"
                }
              },
              "description": "We use this step to retrieve the DriveId and DriveItemId properties for the file. This will be required for later steps, including the processing and deletion of the file."
            }
          },
          "runAfter": {
            "Initialize_Items_Array": [
              "Succeeded"
            ]
          },
          "metadata": {
            "operationMetadataId": "560f33d6-1879-4b7a-af15-29b8c1252ca9"
          },
          "type": "Scope",
          "description": "The steps inside this scope are required to create the file in SharePoint. We will also run some actions to retrieve properties that will be required later."
        },
        "Process_Excel_File": {
          "actions": {
            "Get_tables": {
              "metadata": {
                "operationMetadataId": "52c83091-f87d-433e-9bc4-68996a2d2bf0",
                "tableId": null
              },
              "type": "OpenApiConnection",
              "inputs": {
                "parameters": {
                  "source": "@parameters('SharePoint Site (gaborg_var_sharepoint_site)')",
                  "drive": "@outputs('Get_file_properties')?['body/{DriveId}']",
                  "file": "@outputs('Get_file_properties')?['body/{DriveItemId}']"
                },
                "host": {
                  "apiId": "/providers/Microsoft.PowerApps/apis/shared_excelonlinebusiness",
                  "operationId": "GetTables",
                  "connectionName": "shared_excelonlinebusiness"
                }
              },
              "description": "Our Excel file might contain multiple tables. We will try to process every one of them. Note that here we use the DriveId and DriveItemId properties."
            },
            "List_rows_present_in_the_first_table_found": {
              "runAfter": {
                "Get_tables": [
                  "Succeeded"
                ]
              },
              "metadata": {
                "operationMetadataId": "66a89acd-41ef-4c8e-96e3-9b00560981bd",
                "tableId": "@first(outputs('Get_tables')?['body/value'])['Id']"
              },
              "type": "OpenApiConnection",
              "inputs": {
                "parameters": {
                  "source": "@parameters('SharePoint Site (gaborg_var_sharepoint_site)')",
                  "drive": "@outputs('Get_file_properties')?['body/{DriveId}']",
                  "file": "@outputs('Get_file_properties')?['body/{DriveItemId}']",
                  "table": "@first(outputs('Get_tables')?['body/value'])['Id']"
                },
                "host": {
                  "apiId": "/providers/Microsoft.PowerApps/apis/shared_excelonlinebusiness",
                  "operationId": "GetItems",
                  "connectionName": "shared_excelonlinebusiness"
                }
              },
              "description": "We retrieve all rows from the current table. Please, note the settings of this action where pagination has been turned on to bypass the 256 maximum row limit.",
              "runtimeConfiguration": {
                "paginationPolicy": {
                  "minimumItemCount": 100000
                }
              }
            },
            "Create_Range_for_Parallel_Processing": {
              "runAfter": {
                "List_rows_present_in_the_first_table_found": [
                  "Succeeded"
                ]
              },
              "metadata": {
                "operationMetadataId": "b08477f0-f682-4b0c-ac74-c668801bbfb7"
              },
              "type": "Compose",
              "inputs": "@range(0, length(outputs('List_rows_present_in_the_first_table_found')?['body/value']))",
              "description": "We create a range from 0 with the length of items found in the table. This will let us know at which row we are at right now."
            },
            "Process_each_row_by_index_from_range_(Loop)": {
              "foreach": "@outputs('Create_Range_for_Parallel_Processing')",
              "actions": {
                "Append_item_to_Items_array": {
                  "metadata": {
                    "operationMetadataId": "14a8cfa9-1997-4911-905d-c383603c0d78"
                  },
                  "type": "AppendToArrayVariable",
                  "inputs": {
                    "name": "Items",
                    "value": "@addProperty(\n   outputs('List_rows_present_in_the_first_table_found')?['body/value'][item()],\n   'Row',\n   add(item(), 1)\n)"
                  },
                  "description": "We add the current row to the output. Note that as we are processing items in parallel, the items will be added in a random order. We use the addProperty method to add the row number to the object."
                }
              },
              "runAfter": {
                "Create_Range_for_Parallel_Processing": [
                  "Succeeded"
                ]
              },
              "metadata": {
                "operationMetadataId": "9a551e52-1150-4e6f-a548-7bc1bac44123"
              },
              "type": "Foreach",
              "description": "Two things to note here: first, we are processing the range from the previous step. Second, we have enabled concurrency control in the settings to allow parallel processing.",
              "runtimeConfiguration": {
                "concurrency": {
                  "repetitions": 50
                }
              }
            }
          },
          "runAfter": {
            "Initialize_SharePoint_File": [
              "Succeeded"
            ]
          },
          "metadata": {
            "operationMetadataId": "633c9db1-c876-4683-b668-55edf01f9b35"
          },
          "type": "Scope"
        },
        "Initialize_Items_Array": {
          "runAfter": {},
          "metadata": {
            "operationMetadataId": "31173815-3aca-433a-b065-01f837102552"
          },
          "type": "InitializeVariable",
          "inputs": {
            "variables": [
              {
                "name": "Items",
                "type": "array"
              }
            ]
          },
          "description": "We will be using this array to store the processed items and present it as an output."
        },
        "Compose_Output": {
          "runAfter": {
            "Force_Delete_File_(SharePoint_HTTP_Request)": [
              "Succeeded"
            ]
          },
          "metadata": {
            "operationMetadataId": "f6aaabe8-b4a0-4087-b192-3aee50ad3c8f"
          },
          "type": "Compose",
          "inputs": "@variables('Items')",
          "description": "If you look at the output after you test the Flow, you will see that even though the records are in a random order, the row number will always be correct, even though we have enabled parallel processing."
        }
      }
    },
    "templateName": null
  },
  "schemaVersion": "1.0.0.0"
}