<environmentvariabledefinition schemaname="gaborg_var_sharepoint_site">
  <apiid>/providers/microsoft.powerapps/apis/shared_sharepointonline</apiid>
  <description default="The SharePoint site where demo files should be stored.">
    <label description="The SharePoint site where demo files should be stored." languagecode="1033" />
  </description>
  <displayname default="SharePoint Site">
    <label description="SharePoint Site" languagecode="1033" />
  </displayname>
  <introducedversion>1.0.0.0</introducedversion>
  <iscustomizable>1</iscustomizable>
  <isrequired>0</isrequired>
  <parameterkey>dataset</parameterkey>
  <secretstore>0</secretstore>
  <type>100000004</type>
</environmentvariabledefinition>