<environmentvariabledefinition schemaname="gaborg_var_sharepoint_library">
  <apiid>/providers/microsoft.powerapps/apis/shared_sharepointonline</apiid>
  <description default="The SharePoint site library where we will be storing our demo files.">
    <label description="The SharePoint site library where we will be storing our demo files." languagecode="1033" />
  </description>
  <displayname default="SharePoint Library">
    <label description="SharePoint Library" languagecode="1033" />
  </displayname>
  <introducedversion>1.0.0.0</introducedversion>
  <iscustomizable>1</iscustomizable>
  <isrequired>0</isrequired>
  <parameterkey>table</parameterkey>
  <parentdefinitionid>
    <schemaname>gaborg_var_sharepoint_site</schemaname>
  </parentdefinitionid>
  <secretstore>0</secretstore>
  <type>100000004</type>
</environmentvariabledefinition>